run_details,runtime
algorithm_edgeIDbrutev3UB_num_nodes_000005_sim_000,"(0.00040912628173828125, 0)"
algorithm_edgeIDbrutev3UB_num_nodes_000005_sim_001,"(0.0011107921600341797, 0.47090849231623405)"
algorithm_edgeIDbrutev3UB_num_nodes_000005_sim_002,"(0.008374452590942383, 1.966254060102043)"
algorithm_edgeIDbrutev3UB_num_nodes_000005_sim_003,"(0.0003581047058105469, 0)"
algorithm_edgeIDbrutev3UB_num_nodes_000005_sim_004,"(0.00034928321838378906, 0)"
algorithm_edgeIDbrutev3UB_num_nodes_000005_sim_005,"(0.0003566741943359375, 0)"
algorithm_edgeIDbrutev3UB_num_nodes_000005_sim_006,"(0.00033283233642578125, 0)"
algorithm_edgeIDbrutev3UB_num_nodes_000005_sim_007,"(0.00037097930908203125, 0)"
algorithm_edgeIDbrutev3UB_num_nodes_000005_sim_008,"(0.0009856224060058594, 0.31080251205724824)"
algorithm_edgeIDbrutev3UB_num_nodes_000005_sim_009,"(0.0017452239990234375, 0.6864025943512018)"
algorithm_edgeIDbrutev3UB_num_nodes_000005_sim_010,"(0.0003275871276855469, 0)"
algorithm_edgeIDbrutev3UB_num_nodes_000005_sim_011,"(0.0014941692352294922, 0.6107444917881985)"
algorithm_edgeIDbrutev3UB_num_nodes_000005_sim_012,"(0.0003314018249511719, 0)"
algorithm_edgeIDbrutev3UB_num_nodes_000005_sim_013,"(0.001428365707397461, 0.5628730884194231)"
algorithm_edgeIDbrutev3UB_num_nodes_000005_sim_014,"(0.0003314018249511719, 0)"
algorithm_edgeIDbrutev3UB_num_nodes_000005_sim_015,"(0.0003306865692138672, 0)"
algorithm_edgeIDbrutev3UB_num_nodes_000005_sim_016,"(0.00473332405090332, 1.6577121073570529)"
algorithm_edgeIDbrutev3UB_num_nodes_000005_sim_017,"(0.0050508975982666016, 2.4081247612876915)"
algorithm_edgeIDbrutev3UB_num_nodes_000005_sim_018,"(0.0003407001495361328, 0)"
algorithm_edgeIDbrutev3UB_num_nodes_000005_sim_019,"(0.0013077259063720703, 0.6353011023844517)"
algorithm_edgeIDbrutev3UB_num_nodes_000005_sim_020,"(0.00033164024353027344, 0)"
algorithm_edgeIDbrutev3UB_num_nodes_000005_sim_021,"(0.00032138824462890625, 0)"
algorithm_edgeIDbrutev3UB_num_nodes_000005_sim_022,"(0.0010406970977783203, 0.2990778057284562)"
algorithm_edgeIDbrutev3UB_num_nodes_000005_sim_023,"(0.006023406982421875, 3.132320748066354)"
algorithm_edgeIDbrutev3UB_num_nodes_000005_sim_024,"(0.00033926963806152344, 0)"
algorithm_edgeIDbrutev3UB_num_nodes_000005_sim_025,"(0.003699064254760742, 1.3941987315633178)"
algorithm_edgeIDbrutev3UB_num_nodes_000005_sim_026,"(0.00033593177795410156, 0)"
algorithm_edgeIDbrutev3UB_num_nodes_000005_sim_027,"(0.0003376007080078125, 0)"
algorithm_edgeIDbrutev3UB_num_nodes_000005_sim_028,"(0.0003464221954345703, 0)"
algorithm_edgeIDbrutev3UB_num_nodes_000005_sim_029,"(0.003261566162109375, 1.2757776487424013)"
algorithm_edgeIDbrutev3UB_num_nodes_000005_sim_030,"(0.00033020973205566406, 0)"
algorithm_edgeIDbrutev3UB_num_nodes_000005_sim_031,"(0.0016634464263916016, 0.6294798394646073)"
algorithm_edgeIDbrutev3UB_num_nodes_000005_sim_032,"(0.008002281188964844, 2.5363953102922845)"
algorithm_edgeIDbrutev3UB_num_nodes_000005_sim_033,"(0.0003352165222167969, 0)"
algorithm_edgeIDbrutev3UB_num_nodes_000005_sim_034,"(0.002863645553588867, 1.0441662962212614)"
algorithm_edgeIDbrutev3UB_num_nodes_000005_sim_035,"(0.00038361549377441406, 0)"
algorithm_edgeIDbrutev3UB_num_nodes_000005_sim_036,"(0.005890607833862305, 2.991168352779413)"
algorithm_edgeIDbrutev3UB_num_nodes_000005_sim_037,"(0.0009918212890625, 0.6500164540354552)"
algorithm_edgeIDbrutev3UB_num_nodes_000005_sim_038,"(0.010643720626831055, 2.4725379425755536)"
algorithm_edgeIDbrutev3UB_num_nodes_000005_sim_039,"(0.0013189315795898438, 0.5457472750226838)"
algorithm_edgeIDbrutev3UB_num_nodes_000005_sim_040,"(0.0010616779327392578, 0.6153488903688665)"
algorithm_edgeIDbrutev3UB_num_nodes_000005_sim_041,"(0.0015425682067871094, 0.7325468718491859)"
algorithm_edgeIDbrutev3UB_num_nodes_000005_sim_042,"(0.0003314018249511719, 0)"
algorithm_edgeIDbrutev3UB_num_nodes_000005_sim_043,"(0.0003485679626464844, 0)"
algorithm_edgeIDbrutev3UB_num_nodes_000005_sim_044,"(0.0057370662689208984, 3.953869324872464)"
algorithm_edgeIDbrutev3UB_num_nodes_000005_sim_045,"(0.00033283233642578125, 0)"
algorithm_edgeIDbrutev3UB_num_nodes_000005_sim_046,"(0.006146430969238281, 2.6976290372274265)"
algorithm_edgeIDbrutev3UB_num_nodes_000005_sim_047,"(0.0010058879852294922, 0.5593434663159418)"
algorithm_edgeIDbrutev3UB_num_nodes_000005_sim_048,"(0.0017361640930175781, 1.474946960769522)"
algorithm_edgeIDbrutev3UB_num_nodes_000005_sim_049,"(0.0009889602661132812, 1.03283283975046)"
algorithm_edgeIDbrutev3UB_num_nodes_000010_sim_000,"(0.0003829002380371094, 0)"
algorithm_edgeIDbrutev3UB_num_nodes_000010_sim_001,"(0.0003731250762939453, 0)"
algorithm_edgeIDbrutev3UB_num_nodes_000010_sim_002,"(0.0003600120544433594, 0)"
algorithm_edgeIDbrutev3UB_num_nodes_000010_sim_003,"(0.00035119056701660156, 0)"
algorithm_edgeIDbrutev3UB_num_nodes_000010_sim_004,"(0.12382769584655762, 3.030855854361304)"
algorithm_edgeIDbrutev3UB_num_nodes_000010_sim_005,"(0.0003809928894042969, 0)"
algorithm_edgeIDbrutev3UB_num_nodes_000010_sim_006,"(0.0003523826599121094, 0)"
algorithm_edgeIDbrutev3UB_num_nodes_000010_sim_007,"(0.29241156578063965, 5.924700673514941)"
algorithm_edgeIDbrutev3UB_num_nodes_000010_sim_008,"(0.08907532691955566, 1.876911298696006)"
algorithm_edgeIDbrutev3UB_num_nodes_000010_sim_009,"(0.396425724029541, 4.4454557172561175)"
algorithm_edgeIDbrutev3UB_num_nodes_000010_sim_010,"(0.0020270347595214844, 2.706202383779731)"
algorithm_edgeIDbrutev3UB_num_nodes_000010_sim_011,"(0.00034737586975097656, 0)"
algorithm_edgeIDbrutev3UB_num_nodes_000010_sim_012,"(0.00038814544677734375, 0)"
algorithm_edgeIDbrutev3UB_num_nodes_000010_sim_013,"(0.0003573894500732422, 0)"
algorithm_edgeIDbrutev3UB_num_nodes_000010_sim_014,"(0.9181618690490723, 2.030401243064997)"
algorithm_edgeIDbrutev3UB_num_nodes_000010_sim_015,"(0.00038504600524902344, 0)"
algorithm_edgeIDbrutev3UB_num_nodes_000010_sim_016,"(0.0003402233123779297, 0)"
algorithm_edgeIDbrutev3UB_num_nodes_000010_sim_017,"(0.0024690628051757812, 1.1311674427068725)"
algorithm_edgeIDbrutev3UB_num_nodes_000010_sim_018,"(0.0003650188446044922, 0)"
algorithm_edgeIDbrutev3UB_num_nodes_000010_sim_019,"(0.00035119056701660156, 0)"
algorithm_edgeIDbrutev3UB_num_nodes_000010_sim_020,"(0.0003726482391357422, 0)"
algorithm_edgeIDbrutev3UB_num_nodes_000010_sim_021,"(0.8888015747070312, 1.6145968527561472)"
algorithm_edgeIDbrutev3UB_num_nodes_000010_sim_022,"(0.00857996940612793, 1.363349684969625)"
algorithm_edgeIDbrutev3UB_num_nodes_000010_sim_023,"(0.0003762245178222656, 0)"
algorithm_edgeIDbrutev3UB_num_nodes_000010_sim_024,"(0.08534789085388184, 3.4856537303477046)"
algorithm_edgeIDbrutev3UB_num_nodes_000010_sim_025,"(0.002427816390991211, 0.8234717762577186)"
algorithm_edgeIDbrutev3UB_num_nodes_000010_sim_026,"(0.8805348873138428, 1.0298603107713806)"
algorithm_edgeIDbrutev3UB_num_nodes_000010_sim_027,"(0.07532906532287598, 1.8991966342867563)"
algorithm_edgeIDbrutev3UB_num_nodes_000010_sim_028,"(0.0005104541778564453, 0)"
algorithm_edgeIDbrutev3UB_num_nodes_000010_sim_029,"(0.00039577484130859375, 0)"
algorithm_edgeIDbrutev3UB_num_nodes_000010_sim_030,"(0.00040650367736816406, 0)"
algorithm_edgeIDbrutev3UB_num_nodes_000010_sim_031,"(0.0021877288818359375, 0.4833155534244077)"
algorithm_edgeIDbrutev3UB_num_nodes_000010_sim_032,"(0.0035245418548583984, 2.8391108813263033)"
algorithm_edgeIDbrutev3UB_num_nodes_000010_sim_033,"(0.08129596710205078, 2.5676033562430387)"
algorithm_edgeIDbrutev3UB_num_nodes_000010_sim_034,"(0.00036072731018066406, 0)"
algorithm_edgeIDbrutev3UB_num_nodes_000010_sim_035,"(0.0003924369812011719, 0)"
algorithm_edgeIDbrutev3UB_num_nodes_000010_sim_036,"(0.00037360191345214844, 0)"
algorithm_edgeIDbrutev3UB_num_nodes_000010_sim_037,"(0.0028619766235351562, 1.4313169668662677)"
algorithm_edgeIDbrutev3UB_num_nodes_000010_sim_038,"(0.000396728515625, 0)"
algorithm_edgeIDbrutev3UB_num_nodes_000010_sim_039,"(0.011071205139160156, 2.43761979577132)"
algorithm_edgeIDbrutev3UB_num_nodes_000010_sim_040,"(0.0004189014434814453, 0)"
algorithm_edgeIDbrutev3UB_num_nodes_000010_sim_041,"(0.0004277229309082031, 0)"
algorithm_edgeIDbrutev3UB_num_nodes_000010_sim_042,"(0.0003788471221923828, 0)"
algorithm_edgeIDbrutev3UB_num_nodes_000010_sim_043,"(0.19681334495544434, 4.126669173114533)"
algorithm_edgeIDbrutev3UB_num_nodes_000010_sim_044,"(0.0003635883331298828, 0)"
algorithm_edgeIDbrutev3UB_num_nodes_000010_sim_045,"(0.00035762786865234375, 0)"
algorithm_edgeIDbrutev3UB_num_nodes_000010_sim_046,"(0.00037980079650878906, 0)"
algorithm_edgeIDbrutev3UB_num_nodes_000010_sim_047,"(0.009726524353027344, 1.9136464583184123)"
algorithm_edgeIDbrutev3UB_num_nodes_000010_sim_048,"(0.0020439624786376953, 2.148858927711473)"
algorithm_edgeIDbrutev3UB_num_nodes_000010_sim_049,"(0.3420238494873047, 2.943125661417746)"
algorithm_edgeIDbrutev3UB_num_nodes_000015_sim_000,"(0.0003616809844970703, 0)"
algorithm_edgeIDbrutev3UB_num_nodes_000015_sim_001,"(0.0058591365814208984, 1.8465840845569457)"
algorithm_edgeIDbrutev3UB_num_nodes_000015_sim_002,"(inf, inf)"
algorithm_edgeIDbrutev3UB_num_nodes_000015_sim_003,"(1.0052568912506104, 2.1902792412465386)"
algorithm_edgeIDbrutev3UB_num_nodes_000015_sim_004,"(0.0003674030303955078, 0)"
algorithm_edgeIDbrutev3UB_num_nodes_000015_sim_005,"(0.00033473968505859375, 0)"
algorithm_edgeIDbrutev3UB_num_nodes_000015_sim_006,"(0.0005257129669189453, 0)"
algorithm_edgeIDbrutev3UB_num_nodes_000015_sim_007,"(0.0003650188446044922, 0)"
algorithm_edgeIDbrutev3UB_num_nodes_000015_sim_008,"(0.00040078163146972656, 0)"
algorithm_edgeIDbrutev3UB_num_nodes_000015_sim_009,"(0.0032308101654052734, 1.9583886823812313)"
algorithm_edgeIDbrutev3UB_num_nodes_000015_sim_010,"(0.00037479400634765625, 0)"
algorithm_edgeIDbrutev3UB_num_nodes_000015_sim_011,"(0.9456806182861328, 2.1209670793832887)"
algorithm_edgeIDbrutev3UB_num_nodes_000015_sim_012,"(0.00046825408935546875, 0)"
algorithm_edgeIDbrutev3UB_num_nodes_000015_sim_013,"(0.00036835670471191406, 0)"
algorithm_edgeIDbrutev3UB_num_nodes_000015_sim_014,"(0.00037217140197753906, 0)"
algorithm_edgeIDbrutev3UB_num_nodes_000015_sim_015,"(0.10668015480041504, 0.5201210412307256)"
algorithm_edgeIDbrutev3UB_num_nodes_000015_sim_016,"(0.0003628730773925781, 0)"
algorithm_edgeIDbrutev3UB_num_nodes_000015_sim_017,"(0.025830745697021484, 2.1632163241902624)"
algorithm_edgeIDbrutev3UB_num_nodes_000015_sim_018,"(0.0003638267517089844, 0)"
algorithm_edgeIDbrutev3UB_num_nodes_000015_sim_019,"(0.0003597736358642578, 0)"
algorithm_edgeIDbrutev3UB_num_nodes_000015_sim_020,"(0.00038909912109375, 0)"
algorithm_edgeIDbrutev3UB_num_nodes_000015_sim_021,"(0.11189532279968262, 0.8810468543259613)"
algorithm_edgeIDbrutev3UB_num_nodes_000015_sim_022,"(0.13004231452941895, 2.0970669273693834)"
algorithm_edgeIDbrutev3UB_num_nodes_000015_sim_023,"(2.900404453277588, 4.904622231965187)"
algorithm_edgeIDbrutev3UB_num_nodes_000015_sim_024,"(0.0004057884216308594, 0)"
algorithm_edgeIDbrutev3UB_num_nodes_000015_sim_025,"(0.02537083625793457, 2.1672421411229714)"
algorithm_edgeIDbrutev3UB_num_nodes_000015_sim_026,"(0.1055448055267334, 0.5228749312401066)"
algorithm_edgeIDbrutev3UB_num_nodes_000015_sim_027,"(0.0003643035888671875, 0)"
algorithm_edgeIDbrutev3UB_num_nodes_000015_sim_028,"(0.007039070129394531, 1.693964514206404)"
algorithm_edgeIDbrutev3UB_num_nodes_000015_sim_029,"(0.9110124111175537, 3.028429070227232)"
algorithm_edgeIDbrutev3UB_num_nodes_000015_sim_030,"(0.0004673004150390625, 0)"
algorithm_edgeIDbrutev3UB_num_nodes_000015_sim_031,"(0.0003657341003417969, 0)"
algorithm_edgeIDbrutev3UB_num_nodes_000015_sim_032,"(0.016781091690063477, 1.017272562994187)"
algorithm_edgeIDbrutev3UB_num_nodes_000015_sim_033,"(0.0004589557647705078, 0)"
algorithm_edgeIDbrutev3UB_num_nodes_000015_sim_034,"(0.0004334449768066406, 0)"
algorithm_edgeIDbrutev3UB_num_nodes_000015_sim_035,"(0.8859162330627441, 2.0721144220685925)"
algorithm_edgeIDbrutev3UB_num_nodes_000015_sim_036,"(inf, inf)"
algorithm_edgeIDbrutev3UB_num_nodes_000015_sim_037,"(0.029062986373901367, 2.7416681301859525)"
algorithm_edgeIDbrutev3UB_num_nodes_000015_sim_038,"(0.00036978721618652344, 0)"
algorithm_edgeIDbrutev3UB_num_nodes_000015_sim_039,"(0.12346076965332031, 1.7796336953553256)"
algorithm_edgeIDbrutev3UB_num_nodes_000015_sim_040,"(0.00036144256591796875, 0)"
algorithm_edgeIDbrutev3UB_num_nodes_000015_sim_041,"(0.0003707408905029297, 0)"
algorithm_edgeIDbrutev3UB_num_nodes_000015_sim_042,"(0.00039196014404296875, 0)"
algorithm_edgeIDbrutev3UB_num_nodes_000015_sim_043,"(0.00037932395935058594, 0)"
algorithm_edgeIDbrutev3UB_num_nodes_000015_sim_044,"(2.5189011096954346, 4.707402199193854)"
algorithm_edgeIDbrutev3UB_num_nodes_000015_sim_045,"(0.000385284423828125, 0)"
algorithm_edgeIDbrutev3UB_num_nodes_000015_sim_046,"(2.2944326400756836, 4.775883405040335)"
algorithm_edgeIDbrutev3UB_num_nodes_000015_sim_047,"(0.18206787109375, 3.2842998134337735)"
algorithm_edgeIDbrutev3UB_num_nodes_000015_sim_048,"(0.0003771781921386719, 0)"
algorithm_edgeIDbrutev3UB_num_nodes_000015_sim_049,"(0.007248640060424805, 2.791497838655176)"
algorithm_edgeIDbrutev3UB_num_nodes_000020_sim_000,"(0.020157337188720703, 1.1122475771962186)"
algorithm_edgeIDbrutev3UB_num_nodes_000020_sim_001,"(0.00038909912109375, 0)"
algorithm_edgeIDbrutev3UB_num_nodes_000020_sim_002,"(inf, inf)"
algorithm_edgeIDbrutev3UB_num_nodes_000020_sim_003,"(0.2112572193145752, 1.1244563844385669)"
algorithm_edgeIDbrutev3UB_num_nodes_000020_sim_004,"(0.00037550926208496094, 0)"
algorithm_edgeIDbrutev3UB_num_nodes_000020_sim_005,"(0.03538703918457031, 1.3375546529971731)"
algorithm_edgeIDbrutev3UB_num_nodes_000020_sim_006,"(inf, inf)"
algorithm_edgeIDbrutev3UB_num_nodes_000020_sim_007,"(0.0003705024719238281, 0)"
algorithm_edgeIDbrutev3UB_num_nodes_000020_sim_008,"(0.20983028411865234, 1.5088294478760478)"
algorithm_edgeIDbrutev3UB_num_nodes_000020_sim_009,"(0.42246437072753906, 1.0413657901732494)"
algorithm_edgeIDbrutev3UB_num_nodes_000020_sim_010,"(0.00038814544677734375, 0)"
algorithm_edgeIDbrutev3UB_num_nodes_000020_sim_011,"(0.2065441608428955, 0.30545200342696266)"
algorithm_edgeIDbrutev3UB_num_nodes_000020_sim_012,"(inf, inf)"
algorithm_edgeIDbrutev3UB_num_nodes_000020_sim_013,"(inf, inf)"
algorithm_edgeIDbrutev3UB_num_nodes_000020_sim_014,"(inf, inf)"
algorithm_edgeIDbrutev3UB_num_nodes_000020_sim_015,"(0.0560755729675293, 0.9310154585807926)"
algorithm_edgeIDbrutev3UB_num_nodes_000020_sim_016,"(0.0012967586517333984, 0.8058520215050792)"
algorithm_edgeIDbrutev3UB_num_nodes_000020_sim_017,"(0.0017850399017333984, 2.336379761162817)"
algorithm_edgeIDbrutev3UB_num_nodes_000020_sim_018,"(inf, inf)"
algorithm_edgeIDbrutev3UB_num_nodes_000020_sim_019,"(inf, inf)"
algorithm_edgeIDbrutev3UB_num_nodes_000020_sim_020,"(0.06099295616149902, 1.6471738851762003)"
algorithm_edgeIDbrutev3UB_num_nodes_000020_sim_021,"(0.00038552284240722656, 0)"
algorithm_edgeIDbrutev3UB_num_nodes_000020_sim_022,"(3.4700567722320557, 1.9501085467573256)"
algorithm_edgeIDbrutev3UB_num_nodes_000020_sim_023,"(0.0003974437713623047, 0)"
algorithm_edgeIDbrutev3UB_num_nodes_000020_sim_024,"(0.058951616287231445, 2.1118313940256157)"
algorithm_edgeIDbrutev3UB_num_nodes_000020_sim_025,"(0.23215341567993164, 3.1254946733408175)"
algorithm_edgeIDbrutev3UB_num_nodes_000020_sim_026,"(0.00042891502380371094, 0)"
algorithm_edgeIDbrutev3UB_num_nodes_000020_sim_027,"(3.474212408065796, 0.4206087415892464)"
algorithm_edgeIDbrutev3UB_num_nodes_000020_sim_028,"(0.0017087459564208984, 0.6784887441290254)"
algorithm_edgeIDbrutev3UB_num_nodes_000020_sim_029,"(0.00041985511779785156, 0)"
algorithm_edgeIDbrutev3UB_num_nodes_000020_sim_030,"(0.00042247772216796875, 0)"
algorithm_edgeIDbrutev3UB_num_nodes_000020_sim_031,"(0.00043010711669921875, 0)"
algorithm_edgeIDbrutev3UB_num_nodes_000020_sim_032,"(0.2128283977508545, 1.3184776218916423)"
algorithm_edgeIDbrutev3UB_num_nodes_000020_sim_033,"(inf, inf)"
algorithm_edgeIDbrutev3UB_num_nodes_000020_sim_034,"(0.00038123130798339844, 0)"
algorithm_edgeIDbrutev3UB_num_nodes_000020_sim_035,"(0.0004258155822753906, 0)"
algorithm_edgeIDbrutev3UB_num_nodes_000020_sim_036,"(0.019032716751098633, 1.8522822865740198)"
algorithm_edgeIDbrutev3UB_num_nodes_000020_sim_037,"(0.0003845691680908203, 0)"
algorithm_edgeIDbrutev3UB_num_nodes_000020_sim_038,"(0.0018427371978759766, 2.0971846761960395)"
algorithm_edgeIDbrutev3UB_num_nodes_000020_sim_039,"(0.0003826618194580078, 0)"
algorithm_edgeIDbrutev3UB_num_nodes_000020_sim_040,"(3.4879114627838135, 0.1861233480930844)"
algorithm_edgeIDbrutev3UB_num_nodes_000020_sim_041,"(3.4473509788513184, 0.5652888321489322)"
algorithm_edgeIDbrutev3UB_num_nodes_000020_sim_042,"(0.0004277229309082031, 0)"
algorithm_edgeIDbrutev3UB_num_nodes_000020_sim_043,"(0.00037598609924316406, 0)"
algorithm_edgeIDbrutev3UB_num_nodes_000020_sim_044,"(0.4329547882080078, 1.9615213567808836)"
algorithm_edgeIDbrutev3UB_num_nodes_000020_sim_045,"(inf, inf)"
algorithm_edgeIDbrutev3UB_num_nodes_000020_sim_046,"(0.00041031837463378906, 0)"
algorithm_edgeIDbrutev3UB_num_nodes_000020_sim_047,"(0.00039196014404296875, 0)"
algorithm_edgeIDbrutev3UB_num_nodes_000020_sim_048,"(0.0003871917724609375, 0)"
algorithm_edgeIDbrutev3UB_num_nodes_000020_sim_049,"(3.523824453353882, 0.5147633180860725)"
algorithm_edgeIDbrutev3UB_num_nodes_000030_sim_000,"(0.00046896934509277344, 0)"
algorithm_edgeIDbrutev3UB_num_nodes_000030_sim_001,"(inf, inf)"
algorithm_edgeIDbrutev3UB_num_nodes_000030_sim_002,"(0.0004444122314453125, 0)"
algorithm_edgeIDbrutev3UB_num_nodes_000030_sim_003,"(0.0005562305450439453, 0)"
algorithm_edgeIDbrutev3UB_num_nodes_000030_sim_004,"(0.0003924369812011719, 0)"
algorithm_edgeIDbrutev3UB_num_nodes_000030_sim_005,"(0.0004818439483642578, 0)"
algorithm_edgeIDbrutev3UB_num_nodes_000030_sim_006,"(0.00041484832763671875, 0)"
algorithm_edgeIDbrutev3UB_num_nodes_000030_sim_007,"(0.00038504600524902344, 0)"
algorithm_edgeIDbrutev3UB_num_nodes_000030_sim_008,"(inf, inf)"
algorithm_edgeIDbrutev3UB_num_nodes_000030_sim_009,"(inf, inf)"
algorithm_edgeIDbrutev3UB_num_nodes_000030_sim_010,"(0.0004057884216308594, 0)"
algorithm_edgeIDbrutev3UB_num_nodes_000030_sim_011,"(0.00044274330139160156, 0)"
algorithm_edgeIDbrutev3UB_num_nodes_000030_sim_012,"(3.4746906757354736, 0.3677839016114831)"
algorithm_edgeIDbrutev3UB_num_nodes_000030_sim_013,"(0.00041031837463378906, 0)"
algorithm_edgeIDbrutev3UB_num_nodes_000030_sim_014,"(3.577195882797241, 0.8610703013623568)"
algorithm_edgeIDbrutev3UB_num_nodes_000030_sim_015,"(0.00042510032653808594, 0)"
algorithm_edgeIDbrutev3UB_num_nodes_000030_sim_016,"(0.0004298686981201172, 0)"
algorithm_edgeIDbrutev3UB_num_nodes_000030_sim_017,"(inf, inf)"
algorithm_edgeIDbrutev3UB_num_nodes_000030_sim_018,"(0.00041103363037109375, 0)"
algorithm_edgeIDbrutev3UB_num_nodes_000030_sim_019,"(3.8550949096679688, 3.0579840728456533)"
algorithm_edgeIDbrutev3UB_num_nodes_000030_sim_020,"(0.00045228004455566406, 0)"
algorithm_edgeIDbrutev3UB_num_nodes_000030_sim_021,"(0.00041365623474121094, 0)"
algorithm_edgeIDbrutev3UB_num_nodes_000030_sim_022,"(0.0004203319549560547, 0)"
algorithm_edgeIDbrutev3UB_num_nodes_000030_sim_023,"(0.0004303455352783203, 0)"
algorithm_edgeIDbrutev3UB_num_nodes_000030_sim_024,"(0.00038504600524902344, 0)"
algorithm_edgeIDbrutev3UB_num_nodes_000030_sim_025,"(inf, inf)"
algorithm_edgeIDbrutev3UB_num_nodes_000030_sim_026,"(0.0004143714904785156, 0)"
algorithm_edgeIDbrutev3UB_num_nodes_000030_sim_027,"(inf, inf)"
algorithm_edgeIDbrutev3UB_num_nodes_000030_sim_028,"(inf, inf)"
algorithm_edgeIDbrutev3UB_num_nodes_000030_sim_029,"(0.0003974437713623047, 0)"
algorithm_edgeIDbrutev3UB_num_nodes_000030_sim_030,"(0.00045108795166015625, 0)"
algorithm_edgeIDbrutev3UB_num_nodes_000030_sim_031,"(0.0004277229309082031, 0)"
algorithm_edgeIDbrutev3UB_num_nodes_000030_sim_032,"(inf, inf)"
algorithm_edgeIDbrutev3UB_num_nodes_000030_sim_033,"(0.00038933753967285156, 0)"
algorithm_edgeIDbrutev3UB_num_nodes_000030_sim_034,"(inf, inf)"
algorithm_edgeIDbrutev3UB_num_nodes_000030_sim_035,"(0.0004668235778808594, 0)"
algorithm_edgeIDbrutev3UB_num_nodes_000030_sim_036,"(0.00044417381286621094, 0)"
algorithm_edgeIDbrutev3UB_num_nodes_000030_sim_037,"(inf, inf)"
algorithm_edgeIDbrutev3UB_num_nodes_000030_sim_038,"(0.00042438507080078125, 0)"
algorithm_edgeIDbrutev3UB_num_nodes_000030_sim_039,"(0.0004892349243164062, 0)"
algorithm_edgeIDbrutev3UB_num_nodes_000030_sim_040,"(0.00043129920959472656, 0)"
algorithm_edgeIDbrutev3UB_num_nodes_000030_sim_041,"(0.00042176246643066406, 0)"
algorithm_edgeIDbrutev3UB_num_nodes_000030_sim_042,"(0.0004703998565673828, 0)"
algorithm_edgeIDbrutev3UB_num_nodes_000030_sim_043,"(0.0004146099090576172, 0)"
algorithm_edgeIDbrutev3UB_num_nodes_000030_sim_044,"(0.0004482269287109375, 0)"
algorithm_edgeIDbrutev3UB_num_nodes_000030_sim_045,"(0.0004024505615234375, 0)"
algorithm_edgeIDbrutev3UB_num_nodes_000030_sim_046,"(0.0004153251647949219, 0)"
algorithm_edgeIDbrutev3UB_num_nodes_000030_sim_047,"(0.0004367828369140625, 0)"
algorithm_edgeIDbrutev3UB_num_nodes_000030_sim_048,"(0.0004153251647949219, 0)"
algorithm_edgeIDbrutev3UB_num_nodes_000030_sim_049,"(inf, inf)"
algorithm_edgeIDbrutev3UB_num_nodes_000040_sim_000,"(0.0004839897155761719, 0)"
algorithm_edgeIDbrutev3UB_num_nodes_000040_sim_001,"(inf, inf)"
algorithm_edgeIDbrutev3UB_num_nodes_000040_sim_002,"(inf, inf)"
algorithm_edgeIDbrutev3UB_num_nodes_000040_sim_003,"(0.016225099563598633, 0.41762786973727584)"
algorithm_edgeIDbrutev3UB_num_nodes_000040_sim_004,"(0.0004551410675048828, 0)"
algorithm_edgeIDbrutev3UB_num_nodes_000040_sim_005,"(0.00045943260192871094, 0)"
algorithm_edgeIDbrutev3UB_num_nodes_000040_sim_006,"(0.0004458427429199219, 0)"
algorithm_edgeIDbrutev3UB_num_nodes_000040_sim_007,"(0.00047206878662109375, 0)"
algorithm_edgeIDbrutev3UB_num_nodes_000040_sim_008,"(0.00046944618225097656, 0)"
algorithm_edgeIDbrutev3UB_num_nodes_000040_sim_009,"(0.0004355907440185547, 0)"
algorithm_edgeIDbrutev3UB_num_nodes_000040_sim_010,"(0.00040984153747558594, 0)"
algorithm_edgeIDbrutev3UB_num_nodes_000040_sim_011,"(0.0005331039428710938, 0)"
algorithm_edgeIDbrutev3UB_num_nodes_000040_sim_012,"(0.00045228004455566406, 0)"
algorithm_edgeIDbrutev3UB_num_nodes_000040_sim_013,"(inf, inf)"
algorithm_edgeIDbrutev3UB_num_nodes_000040_sim_014,"(0.0004372596740722656, 0)"
algorithm_edgeIDbrutev3UB_num_nodes_000040_sim_015,"(inf, inf)"
algorithm_edgeIDbrutev3UB_num_nodes_000040_sim_016,"(inf, inf)"
algorithm_edgeIDbrutev3UB_num_nodes_000040_sim_017,"(inf, inf)"
algorithm_edgeIDbrutev3UB_num_nodes_000040_sim_018,"(0.015409469604492188, 0.35849150115059625)"
algorithm_edgeIDbrutev3UB_num_nodes_000040_sim_019,"(0.0006222724914550781, 0)"
algorithm_edgeIDbrutev3UB_num_nodes_000040_sim_020,"(inf, inf)"
algorithm_edgeIDbrutev3UB_num_nodes_000040_sim_021,"(inf, inf)"
algorithm_edgeIDbrutev3UB_num_nodes_000040_sim_022,"(0.00043463706970214844, 0)"
algorithm_edgeIDbrutev3UB_num_nodes_000040_sim_023,"(inf, inf)"
algorithm_edgeIDbrutev3UB_num_nodes_000040_sim_024,"(0.0004162788391113281, 0)"
algorithm_edgeIDbrutev3UB_num_nodes_000040_sim_025,"(0.0004451274871826172, 0)"
algorithm_edgeIDbrutev3UB_num_nodes_000040_sim_026,"(0.0004706382751464844, 0)"
algorithm_edgeIDbrutev3UB_num_nodes_000040_sim_027,"(inf, inf)"
algorithm_edgeIDbrutev3UB_num_nodes_000040_sim_028,"(0.00046253204345703125, 0)"
algorithm_edgeIDbrutev3UB_num_nodes_000040_sim_029,"(inf, inf)"
algorithm_edgeIDbrutev3UB_num_nodes_000040_sim_030,"(0.0004050731658935547, 0)"
algorithm_edgeIDbrutev3UB_num_nodes_000040_sim_031,"(inf, inf)"
algorithm_edgeIDbrutev3UB_num_nodes_000040_sim_032,"(0.0005183219909667969, 0)"
algorithm_edgeIDbrutev3UB_num_nodes_000040_sim_033,"(0.00045180320739746094, 0)"
algorithm_edgeIDbrutev3UB_num_nodes_000040_sim_034,"(0.0004870891571044922, 0)"
algorithm_edgeIDbrutev3UB_num_nodes_000040_sim_035,"(0.00046253204345703125, 0)"
algorithm_edgeIDbrutev3UB_num_nodes_000040_sim_036,"(0.00041365623474121094, 0)"
algorithm_edgeIDbrutev3UB_num_nodes_000040_sim_037,"(0.01792120933532715, 1.06425154783761)"
algorithm_edgeIDbrutev3UB_num_nodes_000040_sim_038,"(inf, inf)"
algorithm_edgeIDbrutev3UB_num_nodes_000040_sim_039,"(0.0005314350128173828, 0)"
algorithm_edgeIDbrutev3UB_num_nodes_000040_sim_040,"(0.00044536590576171875, 0)"
algorithm_edgeIDbrutev3UB_num_nodes_000040_sim_041,"(inf, inf)"
algorithm_edgeIDbrutev3UB_num_nodes_000040_sim_042,"(0.0004801750183105469, 0)"
algorithm_edgeIDbrutev3UB_num_nodes_000040_sim_043,"(0.0003898143768310547, 0)"
algorithm_edgeIDbrutev3UB_num_nodes_000040_sim_044,"(0.000507354736328125, 0)"
algorithm_edgeIDbrutev3UB_num_nodes_000040_sim_045,"(0.0003941059112548828, 0)"
algorithm_edgeIDbrutev3UB_num_nodes_000040_sim_046,"(0.0005593299865722656, 0)"
algorithm_edgeIDbrutev3UB_num_nodes_000040_sim_047,"(0.0004241466522216797, 0)"
algorithm_edgeIDbrutev3UB_num_nodes_000040_sim_048,"(0.0004951953887939453, 0)"
algorithm_edgeIDbrutev3UB_num_nodes_000040_sim_049,"(0.00048422813415527344, 0)"
algorithm_edgeIDbrutev3UB_num_nodes_000050_sim_000,"(0.0005173683166503906, 0)"
algorithm_edgeIDbrutev3UB_num_nodes_000050_sim_001,"(0.00048732757568359375, 0)"
algorithm_edgeIDbrutev3UB_num_nodes_000050_sim_002,"(0.0004608631134033203, 0)"
algorithm_edgeIDbrutev3UB_num_nodes_000050_sim_003,"(0.00044655799865722656, 0)"
algorithm_edgeIDbrutev3UB_num_nodes_000050_sim_004,"(inf, inf)"
algorithm_edgeIDbrutev3UB_num_nodes_000050_sim_005,"(0.0005202293395996094, 0)"
algorithm_edgeIDbrutev3UB_num_nodes_000050_sim_006,"(0.0005102157592773438, 0)"
algorithm_edgeIDbrutev3UB_num_nodes_000050_sim_007,"(inf, inf)"
algorithm_edgeIDbrutev3UB_num_nodes_000050_sim_008,"(0.0005838871002197266, 0)"
algorithm_edgeIDbrutev3UB_num_nodes_000050_sim_009,"(0.0004544258117675781, 0)"
algorithm_edgeIDbrutev3UB_num_nodes_000050_sim_010,"(0.0005426406860351562, 0)"
algorithm_edgeIDbrutev3UB_num_nodes_000050_sim_011,"(inf, inf)"
algorithm_edgeIDbrutev3UB_num_nodes_000050_sim_012,"(inf, inf)"
algorithm_edgeIDbrutev3UB_num_nodes_000050_sim_013,"(0.0005402565002441406, 0)"
algorithm_edgeIDbrutev3UB_num_nodes_000050_sim_014,"(inf, inf)"
algorithm_edgeIDbrutev3UB_num_nodes_000050_sim_015,"(0.0005185604095458984, 0)"
algorithm_edgeIDbrutev3UB_num_nodes_000050_sim_016,"(inf, inf)"
algorithm_edgeIDbrutev3UB_num_nodes_000050_sim_017,"(0.0032258033752441406, 0.8091382877768357)"
algorithm_edgeIDbrutev3UB_num_nodes_000050_sim_018,"(0.0005364418029785156, 0)"
algorithm_edgeIDbrutev3UB_num_nodes_000050_sim_019,"(inf, inf)"
algorithm_edgeIDbrutev3UB_num_nodes_000050_sim_020,"(0.003879070281982422, 1.021261654643729)"
algorithm_edgeIDbrutev3UB_num_nodes_000050_sim_021,"(0.00051116943359375, 0)"
algorithm_edgeIDbrutev3UB_num_nodes_000050_sim_022,"(inf, inf)"
algorithm_edgeIDbrutev3UB_num_nodes_000050_sim_023,"(inf, inf)"
algorithm_edgeIDbrutev3UB_num_nodes_000050_sim_024,"(0.0005056858062744141, 0)"
algorithm_edgeIDbrutev3UB_num_nodes_000050_sim_025,"(inf, inf)"
algorithm_edgeIDbrutev3UB_num_nodes_000050_sim_026,"(0.0005640983581542969, 0)"
algorithm_edgeIDbrutev3UB_num_nodes_000050_sim_027,"(inf, inf)"
algorithm_edgeIDbrutev3UB_num_nodes_000050_sim_028,"(inf, inf)"
algorithm_edgeIDbrutev3UB_num_nodes_000050_sim_029,"(0.0004241466522216797, 0)"
algorithm_edgeIDbrutev3UB_num_nodes_000050_sim_030,"(0.00045943260192871094, 0)"
algorithm_edgeIDbrutev3UB_num_nodes_000050_sim_031,"(inf, inf)"
algorithm_edgeIDbrutev3UB_num_nodes_000050_sim_032,"(0.0027751922607421875, 1.4046869322764763)"
algorithm_edgeIDbrutev3UB_num_nodes_000050_sim_033,"(inf, inf)"
algorithm_edgeIDbrutev3UB_num_nodes_000050_sim_034,"(inf, inf)"
algorithm_edgeIDbrutev3UB_num_nodes_000050_sim_035,"(0.0005395412445068359, 0)"
algorithm_edgeIDbrutev3UB_num_nodes_000050_sim_036,"(0.0004611015319824219, 0)"
algorithm_edgeIDbrutev3UB_num_nodes_000050_sim_037,"(inf, inf)"
algorithm_edgeIDbrutev3UB_num_nodes_000050_sim_038,"(0.0004627704620361328, 0)"
algorithm_edgeIDbrutev3UB_num_nodes_000050_sim_039,"(0.0004506111145019531, 0)"
algorithm_edgeIDbrutev3UB_num_nodes_000050_sim_040,"(inf, inf)"
algorithm_edgeIDbrutev3UB_num_nodes_000050_sim_041,"(0.0005195140838623047, 0)"
algorithm_edgeIDbrutev3UB_num_nodes_000050_sim_042,"(0.0005145072937011719, 0)"
algorithm_edgeIDbrutev3UB_num_nodes_000050_sim_043,"(0.0005984306335449219, 0)"
algorithm_edgeIDbrutev3UB_num_nodes_000050_sim_044,"(0.0005972385406494141, 0)"
algorithm_edgeIDbrutev3UB_num_nodes_000050_sim_045,"(0.0034842491149902344, 2.2820163981213595)"
algorithm_edgeIDbrutev3UB_num_nodes_000050_sim_046,"(0.0005066394805908203, 0)"
algorithm_edgeIDbrutev3UB_num_nodes_000050_sim_047,"(inf, inf)"
algorithm_edgeIDbrutev3UB_num_nodes_000050_sim_048,"(0.0018901824951171875, 0.19513799999994533)"
algorithm_edgeIDbrutev3UB_num_nodes_000050_sim_049,"(inf, inf)"
algorithm_edgeIDbrutev3UB_num_nodes_000075_sim_000,"(0.0006246566772460938, 0)"
algorithm_edgeIDbrutev3UB_num_nodes_000075_sim_001,"(0.004202127456665039, 0.981219324634007)"
algorithm_edgeIDbrutev3UB_num_nodes_000075_sim_002,"(0.0005176067352294922, 0)"
algorithm_edgeIDbrutev3UB_num_nodes_000075_sim_003,"(inf, inf)"
algorithm_edgeIDbrutev3UB_num_nodes_000075_sim_004,"(inf, inf)"
algorithm_edgeIDbrutev3UB_num_nodes_000075_sim_005,"(0.02500295639038086, 1.8593351842811168)"
algorithm_edgeIDbrutev3UB_num_nodes_000075_sim_006,"(inf, inf)"
algorithm_edgeIDbrutev3UB_num_nodes_000075_sim_007,"(0.0006995201110839844, 0)"
algorithm_edgeIDbrutev3UB_num_nodes_000075_sim_008,"(0.0005884170532226562, 0)"
algorithm_edgeIDbrutev3UB_num_nodes_000075_sim_009,"(inf, inf)"
algorithm_edgeIDbrutev3UB_num_nodes_000075_sim_010,"(inf, inf)"
algorithm_edgeIDbrutev3UB_num_nodes_000075_sim_011,"(inf, inf)"
algorithm_edgeIDbrutev3UB_num_nodes_000075_sim_012,"(0.016932249069213867, 0.35802959318788075)"
algorithm_edgeIDbrutev3UB_num_nodes_000075_sim_013,"(inf, inf)"
algorithm_edgeIDbrutev3UB_num_nodes_000075_sim_014,"(0.0005404949188232422, 0)"
algorithm_edgeIDbrutev3UB_num_nodes_000075_sim_015,"(0.0005230903625488281, 0)"
algorithm_edgeIDbrutev3UB_num_nodes_000075_sim_016,"(0.0005142688751220703, 0)"
algorithm_edgeIDbrutev3UB_num_nodes_000075_sim_017,"(inf, inf)"
algorithm_edgeIDbrutev3UB_num_nodes_000075_sim_018,"(0.0005145072937011719, 0)"
algorithm_edgeIDbrutev3UB_num_nodes_000075_sim_019,"(inf, inf)"
algorithm_edgeIDbrutev3UB_num_nodes_000075_sim_020,"(0.02388930320739746, 1.1384679135222835)"
algorithm_edgeIDbrutev3UB_num_nodes_000075_sim_021,"(0.0008215904235839844, 0)"
algorithm_edgeIDbrutev3UB_num_nodes_000075_sim_022,"(0.0006768703460693359, 0)"
algorithm_edgeIDbrutev3UB_num_nodes_000075_sim_023,"(inf, inf)"
algorithm_edgeIDbrutev3UB_num_nodes_000075_sim_024,"(inf, inf)"
algorithm_edgeIDbrutev3UB_num_nodes_000075_sim_025,"(inf, inf)"
algorithm_edgeIDbrutev3UB_num_nodes_000075_sim_026,"(0.0005695819854736328, 0)"
algorithm_edgeIDbrutev3UB_num_nodes_000075_sim_027,"(0.0006177425384521484, 0)"
algorithm_edgeIDbrutev3UB_num_nodes_000075_sim_028,"(0.0006229877471923828, 0)"
algorithm_edgeIDbrutev3UB_num_nodes_000075_sim_029,"(inf, inf)"
algorithm_edgeIDbrutev3UB_num_nodes_000075_sim_030,"(0.0005214214324951172, 0)"
algorithm_edgeIDbrutev3UB_num_nodes_000075_sim_031,"(inf, inf)"
algorithm_edgeIDbrutev3UB_num_nodes_000075_sim_032,"(inf, inf)"
algorithm_edgeIDbrutev3UB_num_nodes_000075_sim_033,"(inf, inf)"
algorithm_edgeIDbrutev3UB_num_nodes_000075_sim_034,"(inf, inf)"
algorithm_edgeIDbrutev3UB_num_nodes_000075_sim_035,"(0.0005328655242919922, 0)"
algorithm_edgeIDbrutev3UB_num_nodes_000075_sim_036,"(0.00368499755859375, 0.7008033674118456)"
algorithm_edgeIDbrutev3UB_num_nodes_000075_sim_037,"(inf, inf)"
algorithm_edgeIDbrutev3UB_num_nodes_000075_sim_038,"(0.0005941390991210938, 0)"
algorithm_edgeIDbrutev3UB_num_nodes_000075_sim_039,"(0.0006086826324462891, 0)"
algorithm_edgeIDbrutev3UB_num_nodes_000075_sim_040,"(0.0006210803985595703, 0)"
algorithm_edgeIDbrutev3UB_num_nodes_000075_sim_041,"(0.0005059242248535156, 0)"
algorithm_edgeIDbrutev3UB_num_nodes_000075_sim_042,"(inf, inf)"
algorithm_edgeIDbrutev3UB_num_nodes_000075_sim_043,"(inf, inf)"
algorithm_edgeIDbrutev3UB_num_nodes_000075_sim_044,"(0.0005598068237304688, 0)"
algorithm_edgeIDbrutev3UB_num_nodes_000075_sim_045,"(inf, inf)"
algorithm_edgeIDbrutev3UB_num_nodes_000075_sim_046,"(0.0005190372467041016, 0)"
algorithm_edgeIDbrutev3UB_num_nodes_000075_sim_047,"(inf, inf)"
algorithm_edgeIDbrutev3UB_num_nodes_000075_sim_048,"(0.0006184577941894531, 0)"
algorithm_edgeIDbrutev3UB_num_nodes_000075_sim_049,"(0.0005619525909423828, 0)"
algorithm_edgeIDbrutev3UB_num_nodes_000100_sim_000,"(0.0007135868072509766, 0)"
algorithm_edgeIDbrutev3UB_num_nodes_000100_sim_001,"(0.0005946159362792969, 0)"
algorithm_edgeIDbrutev3UB_num_nodes_000100_sim_002,"(0.0005807876586914062, 0)"
algorithm_edgeIDbrutev3UB_num_nodes_000100_sim_003,"(0.0007009506225585938, 0)"
algorithm_edgeIDbrutev3UB_num_nodes_000100_sim_004,"(inf, inf)"
algorithm_edgeIDbrutev3UB_num_nodes_000100_sim_005,"(0.0007882118225097656, 0)"
algorithm_edgeIDbrutev3UB_num_nodes_000100_sim_006,"(0.0006191730499267578, 0)"
algorithm_edgeIDbrutev3UB_num_nodes_000100_sim_007,"(inf, inf)"
algorithm_edgeIDbrutev3UB_num_nodes_000100_sim_008,"(0.0007138252258300781, 0)"
algorithm_edgeIDbrutev3UB_num_nodes_000100_sim_009,"(0.0005872249603271484, 0)"
algorithm_edgeIDbrutev3UB_num_nodes_000100_sim_010,"(0.0006573200225830078, 0)"
algorithm_edgeIDbrutev3UB_num_nodes_000100_sim_011,"(inf, inf)"
algorithm_edgeIDbrutev3UB_num_nodes_000100_sim_012,"(inf, inf)"
algorithm_edgeIDbrutev3UB_num_nodes_000100_sim_013,"(0.0007531642913818359, 0)"
algorithm_edgeIDbrutev3UB_num_nodes_000100_sim_014,"(inf, inf)"
algorithm_edgeIDbrutev3UB_num_nodes_000100_sim_015,"(0.0006787776947021484, 0)"
algorithm_edgeIDbrutev3UB_num_nodes_000100_sim_016,"(inf, inf)"
algorithm_edgeIDbrutev3UB_num_nodes_000100_sim_017,"(0.0006475448608398438, 0)"
algorithm_edgeIDbrutev3UB_num_nodes_000100_sim_018,"(0.0006899833679199219, 0)"
algorithm_edgeIDbrutev3UB_num_nodes_000100_sim_019,"(0.0006411075592041016, 0)"
algorithm_edgeIDbrutev3UB_num_nodes_000100_sim_020,"(0.0006415843963623047, 0)"
algorithm_edgeIDbrutev3UB_num_nodes_000100_sim_021,"(0.0006730556488037109, 0)"
algorithm_edgeIDbrutev3UB_num_nodes_000100_sim_022,"(inf, inf)"
algorithm_edgeIDbrutev3UB_num_nodes_000100_sim_023,"(inf, inf)"
algorithm_edgeIDbrutev3UB_num_nodes_000100_sim_024,"(0.0014233589172363281, 0.6473681168452472)"
algorithm_edgeIDbrutev3UB_num_nodes_000100_sim_025,"(0.0006811618804931641, 0)"
algorithm_edgeIDbrutev3UB_num_nodes_000100_sim_026,"(0.0007340908050537109, 0)"
algorithm_edgeIDbrutev3UB_num_nodes_000100_sim_027,"(0.00066375732421875, 0)"
algorithm_edgeIDbrutev3UB_num_nodes_000100_sim_028,"(inf, inf)"
algorithm_edgeIDbrutev3UB_num_nodes_000100_sim_029,"(0.0005917549133300781, 0)"
algorithm_edgeIDbrutev3UB_num_nodes_000100_sim_030,"(0.0006449222564697266, 0)"
algorithm_edgeIDbrutev3UB_num_nodes_000100_sim_031,"(0.0006659030914306641, 0)"
algorithm_edgeIDbrutev3UB_num_nodes_000100_sim_032,"(0.0007169246673583984, 0)"
algorithm_edgeIDbrutev3UB_num_nodes_000100_sim_033,"(inf, inf)"
algorithm_edgeIDbrutev3UB_num_nodes_000100_sim_034,"(0.0006222724914550781, 0)"
algorithm_edgeIDbrutev3UB_num_nodes_000100_sim_035,"(0.0007495880126953125, 0)"
algorithm_edgeIDbrutev3UB_num_nodes_000100_sim_036,"(0.0006120204925537109, 0)"
algorithm_edgeIDbrutev3UB_num_nodes_000100_sim_037,"(inf, inf)"
algorithm_edgeIDbrutev3UB_num_nodes_000100_sim_038,"(0.0007493495941162109, 0)"
algorithm_edgeIDbrutev3UB_num_nodes_000100_sim_039,"(0.0005753040313720703, 0)"
algorithm_edgeIDbrutev3UB_num_nodes_000100_sim_040,"(0.0006389617919921875, 0)"
algorithm_edgeIDbrutev3UB_num_nodes_000100_sim_041,"(0.0007355213165283203, 0)"
algorithm_edgeIDbrutev3UB_num_nodes_000100_sim_042,"(0.0013952255249023438, 1.2155203449762328)"
algorithm_edgeIDbrutev3UB_num_nodes_000100_sim_043,"(0.000644683837890625, 0)"
algorithm_edgeIDbrutev3UB_num_nodes_000100_sim_044,"(0.0007340908050537109, 0)"
algorithm_edgeIDbrutev3UB_num_nodes_000100_sim_045,"(0.0006740093231201172, 0)"
algorithm_edgeIDbrutev3UB_num_nodes_000100_sim_046,"(0.0007181167602539062, 0)"
algorithm_edgeIDbrutev3UB_num_nodes_000100_sim_047,"(0.0006854534149169922, 0)"
algorithm_edgeIDbrutev3UB_num_nodes_000100_sim_048,"(0.0005919933319091797, 0)"
algorithm_edgeIDbrutev3UB_num_nodes_000100_sim_049,"(0.0006973743438720703, 0)"
algorithm_edgeIDbrutev3UB_num_nodes_000150_sim_000,"(0.0007219314575195312, 0)"
algorithm_edgeIDbrutev3UB_num_nodes_000150_sim_001,"(0.0006732940673828125, 0)"
algorithm_edgeIDbrutev3UB_num_nodes_000150_sim_002,"(0.0007090568542480469, 0)"
algorithm_edgeIDbrutev3UB_num_nodes_000150_sim_003,"(0.0007939338684082031, 0)"
algorithm_edgeIDbrutev3UB_num_nodes_000150_sim_004,"(0.0007183551788330078, 0)"
algorithm_edgeIDbrutev3UB_num_nodes_000150_sim_005,"(0.0006854534149169922, 0)"
algorithm_edgeIDbrutev3UB_num_nodes_000150_sim_006,"(0.0007357597351074219, 0)"
algorithm_edgeIDbrutev3UB_num_nodes_000150_sim_007,"(inf, inf)"
algorithm_edgeIDbrutev3UB_num_nodes_000150_sim_008,"(0.0006859302520751953, 0)"
algorithm_edgeIDbrutev3UB_num_nodes_000150_sim_009,"(0.0007543563842773438, 0)"
algorithm_edgeIDbrutev3UB_num_nodes_000150_sim_010,"(inf, inf)"
algorithm_edgeIDbrutev3UB_num_nodes_000150_sim_011,"(0.0006439685821533203, 0)"
algorithm_edgeIDbrutev3UB_num_nodes_000150_sim_012,"(0.0007622241973876953, 0)"
algorithm_edgeIDbrutev3UB_num_nodes_000150_sim_013,"(0.0008275508880615234, 0)"
algorithm_edgeIDbrutev3UB_num_nodes_000150_sim_014,"(inf, inf)"
algorithm_edgeIDbrutev3UB_num_nodes_000150_sim_015,"(0.0008473396301269531, 0)"
algorithm_edgeIDbrutev3UB_num_nodes_000150_sim_016,"(inf, inf)"
algorithm_edgeIDbrutev3UB_num_nodes_000150_sim_017,"(0.0006611347198486328, 0)"
algorithm_edgeIDbrutev3UB_num_nodes_000150_sim_018,"(0.0007545948028564453, 0)"
algorithm_edgeIDbrutev3UB_num_nodes_000150_sim_019,"(inf, inf)"
algorithm_edgeIDbrutev3UB_num_nodes_000150_sim_020,"(0.0006642341613769531, 0)"
algorithm_edgeIDbrutev3UB_num_nodes_000150_sim_021,"(0.0008327960968017578, 0)"
algorithm_edgeIDbrutev3UB_num_nodes_000150_sim_022,"(inf, inf)"
algorithm_edgeIDbrutev3UB_num_nodes_000150_sim_023,"(inf, inf)"
algorithm_edgeIDbrutev3UB_num_nodes_000150_sim_024,"(0.0007317066192626953, 0)"
algorithm_edgeIDbrutev3UB_num_nodes_000150_sim_025,"(0.0007789134979248047, 0)"
algorithm_edgeIDbrutev3UB_num_nodes_000150_sim_026,"(0.0007483959197998047, 0)"
algorithm_edgeIDbrutev3UB_num_nodes_000150_sim_027,"(inf, inf)"
algorithm_edgeIDbrutev3UB_num_nodes_000150_sim_028,"(inf, inf)"
algorithm_edgeIDbrutev3UB_num_nodes_000150_sim_029,"(0.0007467269897460938, 0)"
algorithm_edgeIDbrutev3UB_num_nodes_000150_sim_030,"(0.0007023811340332031, 0)"
algorithm_edgeIDbrutev3UB_num_nodes_000150_sim_031,"(0.0007250308990478516, 0)"
algorithm_edgeIDbrutev3UB_num_nodes_000150_sim_032,"(0.0006587505340576172, 0)"
algorithm_edgeIDbrutev3UB_num_nodes_000150_sim_033,"(0.0006270408630371094, 0)"
algorithm_edgeIDbrutev3UB_num_nodes_000150_sim_034,"(inf, inf)"
algorithm_edgeIDbrutev3UB_num_nodes_000150_sim_035,"(0.0006594657897949219, 0)"
algorithm_edgeIDbrutev3UB_num_nodes_000150_sim_036,"(0.0006992816925048828, 0)"
algorithm_edgeIDbrutev3UB_num_nodes_000150_sim_037,"(0.0007612705230712891, 0)"
algorithm_edgeIDbrutev3UB_num_nodes_000150_sim_038,"(0.0007123947143554688, 0)"
algorithm_edgeIDbrutev3UB_num_nodes_000150_sim_039,"(inf, inf)"
algorithm_edgeIDbrutev3UB_num_nodes_000150_sim_040,"(0.0007460117340087891, 0)"
algorithm_edgeIDbrutev3UB_num_nodes_000150_sim_041,"(0.0006668567657470703, 0)"
algorithm_edgeIDbrutev3UB_num_nodes_000150_sim_042,"(0.0007693767547607422, 0)"
algorithm_edgeIDbrutev3UB_num_nodes_000150_sim_043,"(0.0007750988006591797, 0)"
algorithm_edgeIDbrutev3UB_num_nodes_000150_sim_044,"(0.0006659030914306641, 0)"
algorithm_edgeIDbrutev3UB_num_nodes_000150_sim_045,"(0.0006878376007080078, 0)"
algorithm_edgeIDbrutev3UB_num_nodes_000150_sim_046,"(0.0007145404815673828, 0)"
algorithm_edgeIDbrutev3UB_num_nodes_000150_sim_047,"(0.0006663799285888672, 0)"
algorithm_edgeIDbrutev3UB_num_nodes_000150_sim_048,"(0.0007338523864746094, 0)"
algorithm_edgeIDbrutev3UB_num_nodes_000150_sim_049,"(0.0006508827209472656, 0)"
algorithm_edgeIDbrutev3UB_num_nodes_000200_sim_000,"(0.0008401870727539062, 0)"
algorithm_edgeIDbrutev3UB_num_nodes_000200_sim_001,"(inf, inf)"
algorithm_edgeIDbrutev3UB_num_nodes_000200_sim_002,"(inf, inf)"
algorithm_edgeIDbrutev3UB_num_nodes_000200_sim_003,"(0.0008273124694824219, 0)"
algorithm_edgeIDbrutev3UB_num_nodes_000200_sim_004,"(0.0008609294891357422, 0)"
algorithm_edgeIDbrutev3UB_num_nodes_000200_sim_005,"(0.0006804466247558594, 0)"
algorithm_edgeIDbrutev3UB_num_nodes_000200_sim_006,"(0.0008635520935058594, 0)"
algorithm_edgeIDbrutev3UB_num_nodes_000200_sim_007,"(0.0009222030639648438, 0)"
algorithm_edgeIDbrutev3UB_num_nodes_000200_sim_008,"(0.0006785392761230469, 0)"
algorithm_edgeIDbrutev3UB_num_nodes_000200_sim_009,"(0.0008072853088378906, 0)"
algorithm_edgeIDbrutev3UB_num_nodes_000200_sim_010,"(0.0009636878967285156, 0)"
algorithm_edgeIDbrutev3UB_num_nodes_000200_sim_011,"(0.0008645057678222656, 0)"
algorithm_edgeIDbrutev3UB_num_nodes_000200_sim_012,"(0.000885009765625, 0)"
algorithm_edgeIDbrutev3UB_num_nodes_000200_sim_013,"(0.0008692741394042969, 0)"
algorithm_edgeIDbrutev3UB_num_nodes_000200_sim_014,"(0.0009143352508544922, 0)"
algorithm_edgeIDbrutev3UB_num_nodes_000200_sim_015,"(0.0009472370147705078, 0)"
algorithm_edgeIDbrutev3UB_num_nodes_000200_sim_016,"(inf, inf)"
algorithm_edgeIDbrutev3UB_num_nodes_000200_sim_017,"(0.0008041858673095703, 0)"
algorithm_edgeIDbrutev3UB_num_nodes_000200_sim_018,"(0.0008208751678466797, 0)"
algorithm_edgeIDbrutev3UB_num_nodes_000200_sim_019,"(inf, inf)"
algorithm_edgeIDbrutev3UB_num_nodes_000200_sim_020,"(0.0008280277252197266, 0)"
algorithm_edgeIDbrutev3UB_num_nodes_000200_sim_021,"(0.0008900165557861328, 0)"
algorithm_edgeIDbrutev3UB_num_nodes_000200_sim_022,"(0.0009248256683349609, 0)"
algorithm_edgeIDbrutev3UB_num_nodes_000200_sim_023,"(inf, inf)"
algorithm_edgeIDbrutev3UB_num_nodes_000200_sim_024,"(inf, inf)"
algorithm_edgeIDbrutev3UB_num_nodes_000200_sim_025,"(0.0007758140563964844, 0)"
algorithm_edgeIDbrutev3UB_num_nodes_000200_sim_026,"(0.0006823539733886719, 0)"
algorithm_edgeIDbrutev3UB_num_nodes_000200_sim_027,"(inf, inf)"
algorithm_edgeIDbrutev3UB_num_nodes_000200_sim_028,"(inf, inf)"
algorithm_edgeIDbrutev3UB_num_nodes_000200_sim_029,"(0.0008678436279296875, 0)"
algorithm_edgeIDbrutev3UB_num_nodes_000200_sim_030,"(inf, inf)"
algorithm_edgeIDbrutev3UB_num_nodes_000200_sim_031,"(0.0008261203765869141, 0)"
algorithm_edgeIDbrutev3UB_num_nodes_000200_sim_032,"(0.0008230209350585938, 0)"
algorithm_edgeIDbrutev3UB_num_nodes_000200_sim_033,"(0.0009090900421142578, 0)"
algorithm_edgeIDbrutev3UB_num_nodes_000200_sim_034,"(inf, inf)"
algorithm_edgeIDbrutev3UB_num_nodes_000200_sim_035,"(0.0006687641143798828, 0)"
algorithm_edgeIDbrutev3UB_num_nodes_000200_sim_036,"(inf, inf)"
algorithm_edgeIDbrutev3UB_num_nodes_000200_sim_037,"(0.0008745193481445312, 0)"
algorithm_edgeIDbrutev3UB_num_nodes_000200_sim_038,"(0.0008189678192138672, 0)"
algorithm_edgeIDbrutev3UB_num_nodes_000200_sim_039,"(inf, inf)"
algorithm_edgeIDbrutev3UB_num_nodes_000200_sim_040,"(inf, inf)"
algorithm_edgeIDbrutev3UB_num_nodes_000200_sim_041,"(0.0008628368377685547, 0)"
algorithm_edgeIDbrutev3UB_num_nodes_000200_sim_042,"(inf, inf)"
algorithm_edgeIDbrutev3UB_num_nodes_000200_sim_043,"(0.0008728504180908203, 0)"
algorithm_edgeIDbrutev3UB_num_nodes_000200_sim_044,"(0.0008351802825927734, 0)"
algorithm_edgeIDbrutev3UB_num_nodes_000200_sim_045,"(0.0008294582366943359, 0)"
algorithm_edgeIDbrutev3UB_num_nodes_000200_sim_046,"(0.000675201416015625, 0)"
algorithm_edgeIDbrutev3UB_num_nodes_000200_sim_047,"(0.0007905960083007812, 0)"
algorithm_edgeIDbrutev3UB_num_nodes_000200_sim_048,"(0.0008575916290283203, 0)"
algorithm_edgeIDbrutev3UB_num_nodes_000200_sim_049,"(0.000827789306640625, 0)"
algorithm_edgeIDbrutev3UB_num_nodes_000250_sim_000,"(0.0008876323699951172, 0)"
algorithm_edgeIDbrutev3UB_num_nodes_000250_sim_001,"(0.0008215904235839844, 0)"
algorithm_edgeIDbrutev3UB_num_nodes_000250_sim_002,"(0.0006656646728515625, 0)"
algorithm_edgeIDbrutev3UB_num_nodes_000250_sim_003,"(0.0009467601776123047, 0)"
algorithm_edgeIDbrutev3UB_num_nodes_000250_sim_004,"(0.0009291172027587891, 0)"
algorithm_edgeIDbrutev3UB_num_nodes_000250_sim_005,"(0.0009396076202392578, 0)"
algorithm_edgeIDbrutev3UB_num_nodes_000250_sim_006,"(0.0009398460388183594, 0)"
algorithm_edgeIDbrutev3UB_num_nodes_000250_sim_007,"(inf, inf)"
algorithm_edgeIDbrutev3UB_num_nodes_000250_sim_008,"(0.0009980201721191406, 0)"
algorithm_edgeIDbrutev3UB_num_nodes_000250_sim_009,"(0.001031637191772461, 0)"
algorithm_edgeIDbrutev3UB_num_nodes_000250_sim_010,"(0.0008134841918945312, 0)"
algorithm_edgeIDbrutev3UB_num_nodes_000250_sim_011,"(0.0010116100311279297, 0)"
algorithm_edgeIDbrutev3UB_num_nodes_000250_sim_012,"(0.0009856224060058594, 0)"
algorithm_edgeIDbrutev3UB_num_nodes_000250_sim_013,"(0.0009059906005859375, 0)"
algorithm_edgeIDbrutev3UB_num_nodes_000250_sim_014,"(inf, inf)"
algorithm_edgeIDbrutev3UB_num_nodes_000250_sim_015,"(0.0009250640869140625, 0)"
algorithm_edgeIDbrutev3UB_num_nodes_000250_sim_016,"(0.0011098384857177734, 0)"
algorithm_edgeIDbrutev3UB_num_nodes_000250_sim_017,"(0.0009367465972900391, 0)"
algorithm_edgeIDbrutev3UB_num_nodes_000250_sim_018,"(0.0009660720825195312, 0)"
algorithm_edgeIDbrutev3UB_num_nodes_000250_sim_019,"(inf, inf)"
algorithm_edgeIDbrutev3UB_num_nodes_000250_sim_020,"(0.0009367465972900391, 0)"
algorithm_edgeIDbrutev3UB_num_nodes_000250_sim_021,"(0.001018524169921875, 0)"
algorithm_edgeIDbrutev3UB_num_nodes_000250_sim_022,"(inf, inf)"
algorithm_edgeIDbrutev3UB_num_nodes_000250_sim_023,"(0.0011737346649169922, 0)"
algorithm_edgeIDbrutev3UB_num_nodes_000250_sim_024,"(0.000926971435546875, 0)"
algorithm_edgeIDbrutev3UB_num_nodes_000250_sim_025,"(0.0009219646453857422, 0)"
algorithm_edgeIDbrutev3UB_num_nodes_000250_sim_026,"(0.0009717941284179688, 0)"
algorithm_edgeIDbrutev3UB_num_nodes_000250_sim_027,"(inf, inf)"
algorithm_edgeIDbrutev3UB_num_nodes_000250_sim_028,"(0.00119781494140625, 0)"
algorithm_edgeIDbrutev3UB_num_nodes_000250_sim_029,"(0.0010116100311279297, 0)"
algorithm_edgeIDbrutev3UB_num_nodes_000250_sim_030,"(0.0007889270782470703, 0)"
algorithm_edgeIDbrutev3UB_num_nodes_000250_sim_031,"(0.0009129047393798828, 0)"
algorithm_edgeIDbrutev3UB_num_nodes_000250_sim_032,"(0.0009400844573974609, 0)"
algorithm_edgeIDbrutev3UB_num_nodes_000250_sim_033,"(0.0010004043579101562, 0)"
algorithm_edgeIDbrutev3UB_num_nodes_000250_sim_034,"(inf, inf)"
algorithm_edgeIDbrutev3UB_num_nodes_000250_sim_035,"(0.0009860992431640625, 0)"
algorithm_edgeIDbrutev3UB_num_nodes_000250_sim_036,"(inf, inf)"
algorithm_edgeIDbrutev3UB_num_nodes_000250_sim_037,"(0.0009276866912841797, 0)"
algorithm_edgeIDbrutev3UB_num_nodes_000250_sim_038,"(0.0009627342224121094, 0)"
algorithm_edgeIDbrutev3UB_num_nodes_000250_sim_039,"(0.0007090568542480469, 0)"
algorithm_edgeIDbrutev3UB_num_nodes_000250_sim_040,"(inf, inf)"
algorithm_edgeIDbrutev3UB_num_nodes_000250_sim_041,"(0.0009911060333251953, 0)"
algorithm_edgeIDbrutev3UB_num_nodes_000250_sim_042,"(0.0009188652038574219, 0)"
algorithm_edgeIDbrutev3UB_num_nodes_000250_sim_043,"(0.0008862018585205078, 0)"
algorithm_edgeIDbrutev3UB_num_nodes_000250_sim_044,"(0.0009622573852539062, 0)"
algorithm_edgeIDbrutev3UB_num_nodes_000250_sim_045,"(0.0009517669677734375, 0)"
algorithm_edgeIDbrutev3UB_num_nodes_000250_sim_046,"(0.0009818077087402344, 0)"
algorithm_edgeIDbrutev3UB_num_nodes_000250_sim_047,"(0.0009272098541259766, 0)"
algorithm_edgeIDbrutev3UB_num_nodes_000250_sim_048,"(0.0009355545043945312, 0)"
algorithm_edgeIDbrutev3UB_num_nodes_000250_sim_049,"(0.0009500980377197266, 0)"
